Category,Title,Date
Revenue,Top 3 Dividend Stocks To Enhance Your Portfolio,2025-03-11T11:01:43Z
Revenue,Swap raises $40 million to streamline e-commerce logistics with its AI-powered platform,2025-03-04T12:00:01Z
Revenue,"Transcript: Melissa Smith, co-Head of Commercial Banking at JPMorgan",2025-03-04T13:30:30Z
Revenue,Troubled French outsourcer Atos finds pot of gold at the end of UK state bank Rainbow,2025-03-07T09:30:06Z
Revenue,How Banks Can Replace Lazy Loyalty With Customer Advocacy,2025-03-19T13:10:32Z
Loans,A Judge Rescued the CFPB From Being Dismantled. Is It Too Late for the Consumer Watchdog?,2025-03-31T22:24:00Z
Loans,3 smart things to do with your tax refund in case of a recession,2025-03-20T21:54:56Z
Loans,We moved from the US to Canada 14 years ago. There are a few frustrations and nice surprises I wish we'd known about before we did it.,2025-03-19T16:22:02Z
Loans,"Transcript: Melissa Smith, co-Head of Commercial Banking at JPMorgan",2025-03-04T13:30:30Z
Loans,Exploring the Canadian banking system's resilience: The relationship between capital ratio and liquidity creation,2025-03-04T13:56:54Z
Deposits,Robinhood is launching bank accounts that will deliver physical cash ‘to your doorstep’,2025-03-26T19:56:23Z
Deposits,Trump’s Kids Launching Stablecoin After Trump Backs Regulations for Them,2025-03-25T18:18:52Z
Deposits,Crippling the CFPB Could Hurt Consumers and Loosen Regulations for Financial Giants,2025-03-12T13:00:00Z
Deposits,3 smart things to do with your tax refund in case of a recession,2025-03-20T21:54:56Z
Deposits,Exploring the Canadian banking system's resilience: The relationship between capital ratio and liquidity creation,2025-03-04T13:56:54Z
Market Insights,Robinhood is launching bank accounts that will deliver physical cash ‘to your doorstep’,2025-03-26T19:56:23Z
Market Insights,3 ASX Dividend Stocks Yielding Up To 9.5%,2025-03-13T19:09:15Z
Market Insights,"Transcript: Melissa Smith, co-Head of Commercial Banking at JPMorgan",2025-03-04T13:30:30Z
Market Insights,Fund Manager Talk | FY26 earnings will grow by 12-13% after 5-6% downgrade: Srinivas Rao Ravuri,2025-03-23T06:34:00Z
Market Insights,11+ Real-World AI Agent Examples,2025-03-24T11:30:00Z
Cybersecurity,The Quantum Apocalypse Is Coming. Be Very Afraid,2025-03-24T10:00:00Z
Cybersecurity,Cybercriminals Allegedly Used a StubHub Backdoor to Steal Taylor Swift Tickets,2025-03-08T11:30:00Z
Cybersecurity,"Yes, Banking Apps Are Safe. But You Still Need to Be Careful",2025-03-05T14:00:00Z
Cybersecurity,It's Tax Time! How to File Without Getting Scammed,2025-03-06T11:00:13Z
Cybersecurity,New Android Trojan Crocodilus Abuses Accessibility to Steal Banking and Crypto Credentials,2025-03-29T07:28:00Z
